PopID,Sample,Pop,Gf01,,Gf03,,Gf04,,Gf05,,Gf06,,Gf07,,Gf11,,Gf12,,Gf13,
1,019-57676,C. parvulus,177,177,227,227,248,248,205,205,174,174,283,283,180,180,171,171,157,157
1,019-57680,C. parvulus,185,187,225,235,248,248,201,201,174,174,283,283,180,187,171,181,157,174
1,019-57681,C. parvulus,173,181,225,225,248,248,201,203,174,174,283,283,167,180,167,181,157,172
1,019-57683,C. parvulus,163,181,225,241,248,248,201,203,174,174,283,283,167,187,171,181,170,174
1,019-57684,C. parvulus,167,181,223,225,248,248,201,205,174,174,289,304,180,180,171,181,157,170
1,019-57686,C. parvulus,163,163,225,241,248,248,201,205,174,174,283,283,0,0,0,0,168,170
1,019-57690,C. parvulus,179,188,225,241,236,248,205,205,174,174,283,283,178,187,0,0,157,170
1,019-57693,C. parvulus,190,190,225,225,0,0,205,205,174,180,0,0,180,187,167,177,170,170
1,019-57696,C. parvulus,181,190,223,225,236,248,203,205,174,174,283,302,169,178,175,179,157,174
1,019-57698,C. parvulus,177,183,225,225,236,236,205,205,174,174,283,300,180,180,171,177,157,170
1,019-58386,C. parvulus,173,187,225,225,248,248,201,209,174,178,302,304,180,180,167,171,174,178
1,019-58387,C. parvulus,179,181,0,0,248,248,205,205,174,176,0,0,180,187,171,181,157,157
1,019-58388,C. parvulus,185,185,221,225,248,248,205,205,174,176,302,304,180,180,171,187,170,172
1,019-58395,C. parvulus,183,183,249,249,248,248,205,205,0,0,289,289,167,187,171,171,170,172
1,019-58399,C. parvulus,177,183,223,223,248,248,205,205,0,0,283,283,178,180,171,177,0,0
1,1101SK,C. parvulus,163,177,225,225,248,248,201,201,174,174,283,302,180,180,171,171,153,157
1,1111SK,C. parvulus,177,177,225,225,236,236,205,205,174,174,283,283,167,180,171,171,157,170
1,1115SK,C. parvulus,183,187,221,221,248,248,205,205,174,174,283,283,180,187,167,181,167,170
1,1117SK,C. parvulus,163,177,221,241,248,248,203,205,174,174,283,283,167,180,167,190,170,178
1,1121SK,C. parvulus,177,187,223,237,248,248,205,205,174,174,283,283,180,187,167,171,157,157
1,1167SK,C. parvulus,177,181,223,241,248,248,203,205,174,174,283,283,167,180,171,171,170,174
1,1173SK,C. parvulus,0,0,225,241,248,248,201,205,174,174,300,300,180,180,167,179,157,170
1,1176SK,C. parvulus,159,177,221,225,248,248,205,205,174,174,283,300,180,180,171,181,157,167
1,1177SK,C. parvulus,173,188,223,225,238,238,201,201,172,176,283,304,178,178,179,181,167,168
1,1179SK,C. parvulus,173,177,0,0,236,248,203,205,172,174,283,283,180,180,167,171,170,176
1,1187SK,C. parvulus,177,183,225,237,248,248,205,205,174,174,283,283,180,180,171,181,170,174
1,1203SK,C. parvulus,177,187,225,225,248,248,205,205,174,174,283,302,180,187,171,187,157,165
1,1205SK,C. parvulus,0,0,225,225,248,248,201,205,174,174,283,302,180,180,171,171,157,170
1,1216SK,C. parvulus,177,187,225,237,248,248,201,213,174,174,0,0,167,180,171,187,157,157
1,1217SK,C. parvulus,171,177,225,225,248,248,205,213,174,174,0,0,180,180,171,171,157,170
1,1231SK,C. parvulus,0,0,225,225,236,248,205,205,174,174,283,283,167,180,171,171,170,174
1,1240SK,C. parvulus,177,183,225,225,236,236,203,203,174,174,283,283,169,180,171,181,157,170
1,1304SK,C. parvulus,177,177,225,225,248,248,205,205,174,174,283,302,180,180,181,187,170,172
1,1310SK,C. parvulus,167,171,223,225,0,0,205,205,174,174,283,300,180,180,167,177,157,174
1,1316SK,C. parvulus,163,181,225,241,248,248,205,213,174,174,0,0,180,180,171,171,157,157
1,1321SK,C. parvulus,163,181,225,235,248,248,201,205,174,174,283,302,167,187,177,188,167,172
1,1330SK,C. parvulus,181,181,225,225,236,248,201,205,174,174,283,283,167,187,187,187,174,174
1,1335SK,C. parvulus,0,0,235,237,248,248,205,205,174,174,283,283,180,180,167,167,157,170
1,1353SK,C. parvulus,179,187,225,225,248,248,201,205,174,174,283,289,180,180,177,179,170,174
1,1361SK,C. parvulus,167,187,225,225,248,248,201,205,174,174,283,302,180,187,167,181,157,170
1,1363SK,C. parvulus,0,0,225,227,248,248,0,0,174,174,283,283,180,180,167,181,157,174
1,1369SK,C. parvulus,173,185,235,235,248,248,205,205,174,174,283,283,180,187,167,179,157,157
1,1387SK,C. parvulus,177,181,221,225,248,248,203,205,174,174,0,0,180,180,179,187,172,174
1,1511SK,C. parvulus,177,185,223,223,236,248,205,205,174,174,283,302,169,180,171,181,157,170
1,1549SK,C. parvulus,177,181,231,237,248,248,201,205,172,174,283,302,180,180,171,177,170,170
1,1576SK,C. parvulus,173,183,225,225,248,248,201,205,174,174,283,304,0,0,167,171,0,0
1,1581SK,C. parvulus,177,177,225,225,248,248,201,205,174,174,283,283,169,180,171,187,174,174
1,1583SK,C. parvulus,161,179,221,225,248,248,205,205,172,174,283,283,180,180,167,175,170,170
1,1587SK,C. parvulus,177,179,225,225,248,248,201,205,174,174,289,304,167,180,171,177,157,170
1,1590SK,C. parvulus,163,177,225,227,248,248,205,209,174,174,300,302,180,180,177,181,170,170
1,1596SK,C. parvulus,179,181,225,225,0,0,205,205,174,174,283,283,167,180,171,171,170,170
1,1597SK,C. parvulus,163,183,239,241,248,248,201,205,174,174,300,302,180,180,181,181,157,170
1,1804SK,C. parvulus,171,181,223,225,248,248,205,205,174,174,0,0,180,191,171,188,170,170
1,1805SK,C. parvulus,177,187,239,241,248,248,205,205,174,174,283,302,167,180,171,187,170,174
1,1810SK,C. parvulus,173,177,221,241,248,248,201,205,174,174,0,0,180,187,167,171,170,172
1,1819SK,C. parvulus,161,187,225,241,248,248,201,205,174,174,283,283,169,180,177,187,174,174
1,1832SK,C. parvulus,163,185,225,241,248,248,205,205,174,174,283,304,180,180,167,175,172,174
1,1835SK,C. parvulus,181,187,221,225,248,248,205,205,174,174,283,283,180,180,171,171,170,174
1,23SK,C. parvulus,179,187,237,239,248,248,205,205,174,174,0,0,180,180,171,179,0,0
1,2404SK,C. parvulus,177,190,225,237,248,248,0,0,174,174,283,302,169,180,171,181,157,157
1,2415SK,C. parvulus,179,181,221,225,248,248,201,203,174,174,283,302,186,187,165,171,157,170
1,2419SK,C. parvulus,163,173,225,239,248,248,205,207,172,174,283,304,180,180,167,187,170,172
1,2420SK,C. parvulus,179,190,225,225,248,248,205,205,174,174,302,304,180,180,0,0,174,174
1,2430SK,C. parvulus,0,0,225,225,248,248,205,205,172,174,283,283,0,0,171,177,170,172
1,2431SK,C. parvulus,183,187,225,225,248,248,205,205,174,174,283,283,180,180,177,177,0,0
1,2434SK,C. parvulus,163,181,225,241,236,248,201,205,172,174,283,283,169,180,181,188,157,170
1,2437SK,C. parvulus,177,177,225,225,236,248,205,205,174,174,283,283,180,180,167,181,170,174
1,2439SK,C. parvulus,177,181,225,239,248,248,205,205,174,174,302,304,180,187,167,181,157,170
1,2440SK,C. parvulus,163,177,223,225,248,248,201,205,172,174,283,283,0,0,166,170,157,157
1,2458SK,C. parvulus,171,185,223,225,248,248,205,205,174,174,283,302,180,187,171,177,157,157
1,2461SK,C. parvulus,185,190,0,0,248,248,205,205,174,174,283,289,167,169,171,181,157,170
1,2469SK,C. parvulus,163,177,225,225,248,248,205,205,174,174,283,302,186,186,167,181,157,170
1,2476SK,C. parvulus,179,187,225,225,248,248,201,205,174,174,283,285,0,0,170,190,0,0
1,2488SK,C. parvulus,173,181,223,241,248,248,205,205,172,174,283,283,169,180,181,187,165,170
1,3000SK,C. parvulus,177,181,225,239,248,248,201,205,172,172,283,302,169,180,187,190,170,174
1,3001SK,C. parvulus,163,181,221,225,248,248,205,205,174,174,283,283,180,187,167,171,165,172
1,3010SK,C. parvulus,173,181,225,225,248,248,203,205,174,174,283,283,180,180,167,181,157,170
1,3012SK,C. parvulus,179,185,0,0,236,248,201,205,172,172,283,283,180,180,171,171,157,172
1,3013SK,C. parvulus,163,187,0,0,248,248,205,205,174,174,283,300,180,180,171,187,157,170
1,3014SK,C. parvulus,0,0,225,225,0,0,201,205,174,174,283,283,180,180,181,181,174,174
1,3015SK,C. parvulus,173,185,223,225,248,248,205,205,174,174,0,0,180,180,171,179,168,170
1,3023SK,C. parvulus,177,177,0,0,248,248,205,205,174,174,283,283,180,187,171,171,170,170
1,3032SK,C. parvulus,0,0,225,225,236,236,205,205,174,174,283,304,0,0,0,0,170,170
1,3033SK,C. parvulus,177,187,225,237,248,248,205,205,172,174,300,302,167,169,181,185,157,165
1,3035SK,C. parvulus,163,181,225,225,248,248,0,0,174,174,0,0,169,180,175,185,157,157
1,3043SK,C. parvulus,163,177,221,239,248,248,205,205,174,174,283,283,167,180,171,187,165,170
1,3048SK,C. parvulus,181,181,225,235,248,248,205,205,174,174,0,0,180,180,171,175,170,170
1,3054SK,C. parvulus,177,183,225,235,248,248,203,205,174,174,283,302,180,187,167,171,157,174
1,3057SK,C. parvulus,163,173,223,225,248,248,205,205,174,174,283,283,180,180,175,179,157,170
1,3063SK,C. parvulus,163,177,221,223,248,248,205,209,172,178,283,300,167,167,167,171,172,172
1,3067SK,C. parvulus,163,165,227,227,248,248,205,209,174,174,283,283,180,180,171,177,157,165
1,3072SK,C. parvulus,167,179,225,225,236,248,205,205,174,174,283,300,167,180,167,181,170,170
1,3084SK,C. parvulus,179,185,225,237,236,248,0,0,0,0,283,302,180,180,171,181,170,174
1,3087SK,C. parvulus,179,179,225,225,248,248,201,205,172,174,0,0,169,180,177,181,157,170
1,3089SK,C. parvulus,163,177,225,225,0,0,201,205,174,174,283,283,180,180,0,0,157,170
1,3095SK,C. parvulus,163,177,0,0,236,248,203,207,174,174,283,302,169,180,167,171,170,174
1,3099SK,C. parvulus,171,179,225,225,248,248,201,205,174,174,0,0,186,187,165,171,157,170
1,3104SK,C. parvulus,0,0,223,241,248,248,203,205,174,174,283,304,180,180,171,179,174,174
1,3109SK,C. parvulus,171,185,225,239,248,248,205,205,174,174,283,289,180,180,181,187,170,174
1,3115SK,C. parvulus,167,188,225,225,248,248,201,205,174,174,283,283,180,180,167,171,157,170
1,3118SK,C. parvulus,173,190,231,241,248,248,205,205,174,174,283,302,163,189,177,185,157,170
1,3122SK,C. parvulus,163,183,225,235,248,248,205,205,174,174,283,283,178,178,0,0,157,174
1,3124SK,C. parvulus,181,185,225,239,248,248,205,213,174,174,283,283,174,174,181,185,167,170
1,3127SK,C. parvulus,163,177,221,225,248,248,201,205,174,174,283,304,0,0,0,0,0,0
1,3140SK,C. parvulus,163,190,0,0,248,248,201,203,174,174,283,283,180,180,171,171,159,170
1,3146SK,C. parvulus,177,181,223,223,248,248,205,213,174,174,289,304,167,187,179,181,170,170
1,3148SK,C. parvulus,163,181,225,225,248,248,203,205,174,174,0,0,167,180,167,181,170,174
1,3151SK,C. parvulus,177,177,225,225,248,248,201,205,174,174,283,283,167,180,171,177,157,174
1,3163SK,C. parvulus,163,173,225,231,248,248,201,205,174,174,283,302,169,178,171,177,170,172
1,3185SK,C. parvulus,171,177,225,225,248,248,201,205,174,174,283,304,180,180,171,187,157,174
1,3194SK,C. parvulus,179,187,225,225,248,248,205,205,174,174,283,283,169,178,171,177,157,157
1,3195SK,C. parvulus,167,167,0,0,248,248,201,205,174,174,283,283,178,178,167,177,0,0
1,31SK,C. parvulus,183,187,221,227,248,248,205,205,174,174,289,302,0,0,167,171,170,170
1,3200SK,C. parvulus,177,177,221,225,248,248,205,213,174,174,302,304,180,180,181,187,167,174
1,3204SK,C. parvulus,0,0,225,225,248,248,203,205,174,174,283,304,180,180,171,190,170,174
1,3207SK,C. parvulus,161,177,225,225,248,248,205,205,174,174,283,283,180,180,181,181,165,174
1,3210SK,C. parvulus,0,0,223,237,248,248,201,205,174,174,283,283,180,187,177,181,165,174
1,3213SK,C. parvulus,0,0,225,241,248,248,201,205,174,174,283,300,180,180,171,187,157,167
1,3215SK,C. parvulus,161,177,225,239,248,248,205,205,172,174,283,304,180,187,171,171,157,157
1,3216SK,C. parvulus,161,163,225,237,248,248,203,205,172,174,283,302,180,180,171,171,170,174
1,3217SK,C. parvulus,177,190,0,0,248,248,205,205,174,174,283,302,180,180,171,187,157,172
1,3226SK,C. parvulus,0,0,0,0,248,248,203,205,174,174,283,283,167,180,171,171,157,170
1,3283SK,C. parvulus,179,181,225,225,248,248,201,205,174,174,0,0,180,180,171,177,157,174
1,3289SK,C. parvulus,163,177,225,227,248,248,205,205,174,174,283,289,180,180,175,177,157,174
1,3291SK,C. parvulus,0,0,225,235,248,248,0,0,174,174,283,283,180,180,171,171,157,174
1,3292SK,C. parvulus,0,0,0,0,248,248,0,0,174,174,283,283,167,187,171,181,170,174
1,3294SK,C. parvulus,161,163,223,225,248,248,205,205,174,174,283,283,180,187,171,187,157,174
1,3297SK,C. parvulus,183,185,0,0,248,248,205,205,174,174,283,283,167,180,171,181,170,174
1,3298SK,C. parvulus,0,0,223,225,248,248,205,205,172,174,0,0,167,187,0,0,157,170
1,3581SK,C. parvulus,173,187,221,221,248,248,205,205,174,174,283,283,167,178,175,181,157,170
1,3589SK,C. parvulus,163,181,225,225,248,248,205,205,174,176,283,283,169,180,167,171,170,170
1,3596SK,C. parvulus,185,185,223,225,248,248,201,205,174,174,283,283,178,180,171,181,157,170
1,35SK,C. parvulus,161,171,223,241,248,248,205,205,174,174,283,302,180,187,167,171,167,167
1,3601SK,C. parvulus,163,171,225,225,236,248,203,205,174,174,302,304,167,169,171,187,157,174
1,3605SK,C. parvulus,171,177,223,225,248,248,205,205,174,174,283,302,178,186,167,171,157,170
1,3609SK,C. parvulus,177,183,225,235,236,248,201,201,174,174,300,302,169,180,188,190,170,172
1,3637SK,C. parvulus,177,181,225,229,248,248,203,203,174,174,283,300,180,180,171,177,165,170
1,3714SK,C. parvulus,177,177,223,223,248,248,205,205,174,174,283,283,180,186,177,181,170,170
1,3726SK,C. parvulus,165,177,225,235,248,248,205,205,174,174,283,302,167,187,171,190,159,172
1,3739SK,C. parvulus,177,181,223,225,236,248,203,205,174,174,283,283,180,180,179,179,157,170
1,4001SK,C. parvulus,163,173,225,231,248,248,205,209,174,174,283,304,0,0,171,177,0,0
1,42SK,C. parvulus,173,177,225,225,248,248,201,205,174,174,283,283,180,180,171,175,170,172
1,45SK,C. parvulus,155,171,223,225,248,248,205,205,174,174,283,302,180,180,171,188,157,167
1,50SK,C. parvulus,177,181,223,223,248,248,205,205,174,174,0,0,0,0,167,181,157,170
1,628SK,C. parvulus,187,190,225,237,236,248,205,205,174,174,283,283,169,187,171,181,157,172
1,62SK,C. parvulus,163,181,223,225,252,252,201,205,174,174,283,283,0,0,171,177,157,157
1,709SK,C. parvulus,155,181,225,241,248,248,201,205,174,174,0,0,167,180,167,179,174,174
1,902SK,C. parvulus,181,183,223,241,248,248,0,0,174,174,283,285,180,180,171,177,157,167
1,904SK,C. parvulus,163,177,225,239,236,248,205,205,174,174,283,283,167,187,167,171,157,170
1,909SK,C. parvulus,165,177,223,225,248,248,205,205,174,174,283,302,180,180,167,171,157,157
1,912SK,C. parvulus,177,181,221,239,248,248,201,205,174,174,283,283,167,180,171,171,170,170
1,91SK,C. parvulus,177,177,225,237,248,248,205,205,172,174,283,302,169,180,181,181,157,157
1,926SK,C. parvulus,171,171,223,225,236,248,203,205,174,174,283,302,167,187,171,177,171,171
1,939SK,C. parvulus,177,177,223,225,248,248,201,209,172,172,283,283,178,180,171,179,149,168
1,93SK,C. parvulus,177,177,221,225,248,248,201,205,174,174,283,283,180,180,179,188,157,157
1,954SK,C. parvulus,161,163,0,0,248,248,205,205,174,174,283,302,167,180,167,175,157,174
1,971SK,C. parvulus,163,185,225,227,248,248,203,213,174,174,283,283,180,180,171,181,0,0
1,98SK,C. parvulus,163,177,221,225,248,248,205,205,174,174,283,302,167,180,171,181,157,157
1,997SK,C. parvulus,179,183,225,225,236,248,201,213,174,174,283,283,180,180,171,187,157,170
1,804,C. parvulus,167,181,223,223,248,248,201,201,174,174,283,302,169,187,171,187,174,174
1,805,C. parvulus,177,181,225,239,248,248,201,203,174,174,283,302,170,180,175,183,157,172
1,806,C. parvulus,187,190,225,239,248,248,203,205,174,174,283,283,169,180,179,179,165,172
1,807,C. parvulus,185,190,223,225,248,248,201,203,174,174,283,302,180,187,171,181,170,170
1,808,C. parvulus,181,189,225,241,248,248,203,205,174,174,283,289,169,180,183,188,157,170
1,809,C. parvulus,165,183,221,225,248,248,201,203,174,174,283,300,169,170,175,188,168,170
1,810,C. parvulus,185,185,225,225,236,248,203,205,174,174,283,283,169,180,188,190,157,172
1,811,C. parvulus,177,177,223,239,248,248,201,203,174,174,283,283,180,210,171,188,157,170
1,812,C. parvulus,177,185,225,241,248,248,203,205,174,174,302,302,170,187,175,188,170,172
1,813,C. parvulus,183,192,225,225,248,248,203,205,174,174,283,302,170,180,175,188,157,174
1,814,C. parvulus,175,185,223,227,236,248,201,207,174,174,283,283,167,169,0,0,170,174
1,815,C. parvulus,175,183,223,227,236,248,203,205,174,174,283,283,167,180,188,190,157,170
1,816,C. parvulus,167,189,225,225,236,248,207,213,174,174,283,302,180,180,177,188,170,172
1,817,C. parvulus,181,185,0,0,248,248,201,205,174,174,283,283,180,180,179,183,157,174
1,818,C. parvulus,181,189,225,237,248,248,203,205,174,174,283,283,167,169,183,188,157,170
1,819,C. parvulus,181,194,223,237,248,248,203,203,174,174,283,302,169,180,181,188,170,172
1,820,C. parvulus,175,185,225,237,236,248,203,205,174,174,283,302,167,169,175,175,170,170
1,821,C. parvulus,163,185,221,225,236,248,201,205,174,174,283,283,180,180,171,190,157,170
1,822,C. parvulus,177,183,225,241,248,248,201,205,174,174,302,312,169,180,171,175,170,170
1,823,C. parvulus,167,185,223,225,248,248,201,205,174,174,283,304,180,187,171,175,159,170
1,824,C. parvulus,189,194,225,237,236,248,205,205,174,174,283,302,169,180,175,181,170,170
1,825,C. parvulus,181,181,225,225,236,248,205,205,174,174,283,283,187,187,190,190,157,172
1,019-58385,Hybrid,165,183,225,239,248,248,0,0,174,174,0,0,169,180,177,177,159,170
1,019-58389,Hybrid,187,187,225,239,248,248,203,205,174,174,283,304,180,187,181,187,170,170
1,019-58390,Hybrid,177,183,241,241,236,248,205,209,174,174,283,283,180,180,171,177,157,172
1,019-58397,Hybrid,177,177,221,225,248,248,201,201,174,174,0,0,180,187,171,187,170,170
1,019-58400,Hybrid,181,187,225,237,248,248,203,203,174,174,283,302,180,180,167,187,157,174
1,025-72581,Hybrid,163,183,223,241,248,248,201,205,174,174,283,283,186,187,179,181,157,170
1,025-72584,Hybrid,177,181,0,0,236,248,205,209,0,0,283,283,178,180,171,171,157,170
1,025-72587,Hybrid,159,159,225,225,248,248,201,209,0,0,283,283,167,187,175,187,165,169
1,026-51627,Hybrid,179,179,225,225,248,248,0,0,174,174,0,0,180,187,167,167,165,170
1,1036SK,Hybrid,161,177,223,225,248,248,0,0,174,174,283,283,180,180,183,187,157,170
1,1113SK,Hybrid,163,183,221,223,248,248,201,205,174,174,283,283,178,180,185,187,157,165
1,1119SK,Hybrid,179,187,225,237,248,248,201,205,174,174,283,289,180,180,177,188,170,174
1,1128SK,Hybrid,163,187,223,223,236,248,205,207,174,174,283,302,178,180,171,185,170,172
1,1172SK,Hybrid,173,181,225,239,248,248,203,205,174,174,283,283,180,187,177,187,157,170
1,1190SK,Hybrid,181,181,223,225,248,248,203,205,172,174,283,283,180,180,167,187,165,172
1,1210SK,Hybrid,181,187,0,0,248,248,203,205,174,174,283,304,180,187,167,167,170,170
1,1211SK,Hybrid,159,181,225,225,248,248,205,205,174,174,283,283,167,180,177,187,165,170
1,1225SK,Hybrid,0,0,223,225,248,248,201,205,174,174,283,283,167,178,171,187,157,170
1,1233SK,Hybrid,163,185,223,223,248,248,201,201,174,174,283,283,180,180,167,188,170,170
1,1283SK,Hybrid,181,187,223,225,248,248,201,203,174,174,283,302,169,169,167,179,170,170
1,1312SK,Hybrid,0,0,225,225,236,248,0,0,174,174,283,283,180,180,175,181,170,170
1,1324SK,Hybrid,163,177,221,225,248,248,201,205,174,174,283,302,180,187,167,187,170,170
1,1334SK,Hybrid,173,185,225,233,248,248,201,205,174,174,283,283,169,180,171,187,170,172
1,1359SK,Hybrid,0,0,225,233,248,248,201,209,174,174,283,283,180,180,167,167,157,170
1,1370SK,Hybrid,179,183,225,225,248,248,201,203,174,174,283,289,167,180,171,188,170,170
1,1389SK,Hybrid,163,183,225,225,248,248,205,205,174,174,283,302,169,169,187,187,170,170
1,1513SK,Hybrid,183,183,225,225,248,248,205,205,174,174,283,283,167,169,181,187,165,170
1,1533SK,Hybrid,171,185,0,0,248,248,0,0,174,174,283,283,167,180,177,187,170,170
1,1541SK,Hybrid,177,177,223,225,236,248,205,209,174,174,283,289,0,0,0,0,0,0
1,1545SK,Hybrid,0,0,223,223,0,0,0,0,174,176,283,302,180,180,167,171,157,165
1,1548SK,Hybrid,163,163,225,237,248,248,203,205,174,174,283,283,0,0,0,0,157,170
1,1555SK,Hybrid,163,177,225,225,248,248,203,205,174,174,283,283,0,0,167,167,0,0
1,1568SK,Hybrid,177,177,223,239,0,0,205,205,174,174,283,302,0,0,0,0,170,172
1,1571SK,Hybrid,165,187,241,241,248,248,201,205,174,174,283,283,167,180,181,188,0,0
1,1577SK,Hybrid,163,183,225,225,248,248,201,201,174,174,283,283,0,0,167,171,0,0
1,1588SK,Hybrid,0,0,223,225,248,248,201,205,174,174,283,302,0,0,181,187,170,172
1,1591SK,Hybrid,181,181,225,225,248,248,203,205,174,174,283,283,180,180,171,185,156,169
1,1598SK,Hybrid,177,183,225,225,248,248,201,203,174,174,283,283,180,180,175,181,157,172
1,1742SK,Hybrid,181,185,225,227,248,248,209,209,174,174,283,283,180,180,171,175,170,172
1,1750SK,Hybrid,163,181,223,225,248,248,201,203,174,174,283,304,180,180,175,181,170,174
1,1802SK,Hybrid,163,181,225,225,248,248,201,201,174,174,283,283,180,180,167,187,174,174
1,1803SK,Hybrid,177,183,225,225,248,248,201,203,174,174,283,283,180,180,171,181,170,170
1,1808SK,Hybrid,177,183,221,237,236,248,0,0,174,174,0,0,180,180,171,175,170,170
1,1816SK,Hybrid,163,177,221,223,236,248,203,205,174,174,283,302,169,187,177,187,165,170
1,1831SK,Hybrid,179,185,237,239,248,248,205,205,174,174,283,283,178,187,177,185,170,174
1,1839SK,Hybrid,183,185,221,225,248,248,203,205,174,174,283,283,180,180,167,177,157,174
1,1840SK,Hybrid,177,183,239,241,248,248,205,205,174,174,283,283,180,180,171,187,170,170
1,1847SK,Hybrid,177,183,0,0,248,248,203,205,174,174,0,0,180,180,171,181,170,170
1,1895SK,Hybrid,163,187,225,225,248,248,201,205,174,174,283,283,180,180,167,171,170,170
1,20SK,Hybrid,165,177,225,225,248,248,203,205,174,174,283,300,165,165,167,187,170,170
1,21SK,Hybrid,177,177,223,223,236,248,201,205,174,174,0,0,0,0,167,175,161,170
1,2405SK,Hybrid,177,187,223,225,248,248,205,205,174,174,283,283,169,187,185,187,157,170
1,2409SK,Hybrid,181,183,225,225,0,0,201,205,174,174,283,283,180,180,180,180,170,170
1,2410SK,Hybrid,165,187,225,241,248,248,205,205,174,174,283,304,180,187,185,187,157,170
1,2417SK,Hybrid,0,0,223,225,248,248,203,209,174,174,283,283,0,0,175,187,167,170
1,2429SK,Hybrid,163,173,225,237,248,248,203,203,174,174,283,302,180,187,0,0,170,174
1,2433SK,Hybrid,177,185,223,225,248,248,203,205,174,174,283,304,180,180,175,187,165,170
1,2436SK,Hybrid,155,183,225,225,248,248,201,203,174,174,283,302,0,0,0,0,165,170
1,2441SK,Hybrid,179,183,225,225,248,248,201,203,174,174,283,283,0,0,177,181,172,172
1,2442SK,Hybrid,181,185,223,225,248,248,205,205,174,174,283,289,0,0,171,187,170,170
1,2455SK,Hybrid,185,185,225,225,248,248,201,203,0,0,283,293,0,0,181,181,0,0
1,2456SK,Hybrid,163,181,225,225,248,248,203,203,174,174,283,302,180,180,171,187,157,167
1,2470SK,Hybrid,173,173,225,225,248,248,201,201,174,174,283,283,0,0,187,187,170,170
1,2473SK,Hybrid,181,181,0,0,248,248,209,209,174,174,0,0,180,180,177,181,171,174
1,2474SK,Hybrid,163,177,225,225,248,248,201,201,174,174,0,0,0,0,167,181,170,170
1,2475SK,Hybrid,173,187,225,225,248,248,201,201,174,174,283,302,180,180,181,187,157,170
1,2479SK,Hybrid,163,181,223,223,248,248,205,207,174,174,283,302,0,0,171,188,0,0
1,2480SK,Hybrid,179,179,223,223,248,248,203,209,174,174,283,283,0,0,171,175,157,161
1,2483SK,Hybrid,161,177,225,225,236,248,203,205,172,174,283,300,180,187,185,185,157,157
1,2487SK,Hybrid,160,181,237,237,248,248,201,205,174,174,285,302,169,180,175,177,170,170
1,2800SK,Hybrid,181,187,0,0,236,248,205,209,174,176,283,283,167,180,181,187,168,170
1,3003SK,Hybrid,183,185,225,239,236,248,0,0,172,174,0,0,180,180,167,175,157,172
1,3004SK,Hybrid,177,185,225,235,248,248,201,203,174,174,283,283,178,178,171,187,170,174
1,3007SK,Hybrid,177,185,0,0,248,248,201,203,174,174,283,283,169,180,166,166,0,0
1,3016SK,Hybrid,163,177,237,237,248,248,0,0,174,174,0,0,180,180,171,171,0,0
1,3019SK,Hybrid,0,0,225,239,236,248,201,203,174,174,283,304,180,187,171,181,170,170
1,3022SK,Hybrid,183,185,223,225,236,248,201,207,174,174,283,283,180,187,177,187,159,170
1,3027SK,Hybrid,163,187,225,237,236,236,201,201,174,174,283,283,169,180,171,177,170,170
1,3044SK,Hybrid,173,177,221,237,248,248,203,205,174,174,283,283,180,180,167,167,165,170
1,3046SK,Hybrid,163,181,225,225,248,248,201,205,174,174,283,302,180,180,187,187,170,174
1,3051SK,Hybrid,173,183,223,225,248,248,203,205,172,174,283,302,180,180,167,177,170,172
1,3061SK,Hybrid,177,183,221,241,248,248,205,205,174,174,283,302,180,180,185,187,170,170
1,3062SK,Hybrid,163,163,225,241,248,248,201,205,174,174,283,283,169,180,167,167,170,172
1,3068SK,Hybrid,161,187,223,223,248,248,205,209,174,174,283,283,180,180,167,171,170,170
1,3070SK,Hybrid,171,187,223,241,248,248,201,205,174,174,283,302,180,180,0,0,168,168
1,3074SK,Hybrid,177,187,223,239,236,248,201,201,174,174,283,283,180,180,171,187,170,174
1,3078SK,Hybrid,177,183,227,241,248,248,203,205,174,174,283,283,180,180,0,0,157,172
1,3101SK,Hybrid,173,187,229,241,248,248,205,205,174,174,283,283,169,187,167,187,172,172
1,3105SK,Hybrid,189,190,221,225,248,248,205,205,174,174,283,302,169,187,167,187,170,170
1,3107SK,Hybrid,163,187,225,237,248,248,205,205,174,174,283,283,167,180,167,175,170,170
1,3123SK,Hybrid,159,187,225,239,248,248,205,209,174,174,283,283,167,187,175,190,170,174
1,3130SK,Hybrid,159,181,225,239,248,248,201,209,174,176,283,302,180,180,185,187,161,170
1,3135SK,Hybrid,183,183,235,241,248,248,201,205,174,174,283,302,178,178,187,188,161,170
1,3155SK,Hybrid,159,183,225,227,248,248,203,203,172,174,283,283,167,187,171,181,157,170
1,3166SK,Hybrid,159,159,223,223,248,248,203,209,174,174,283,283,167,187,185,187,170,170
1,3169SK,Hybrid,163,183,225,235,248,248,201,209,174,174,283,283,180,180,175,188,157,157
1,3171SK,Hybrid,177,181,0,0,248,248,203,203,174,174,283,283,180,180,177,181,167,170
1,3183SK,Hybrid,0,0,0,0,248,248,205,205,174,174,283,283,178,187,175,175,170,182
1,3184SK,Hybrid,181,185,225,225,248,248,205,209,174,174,0,0,180,180,185,187,161,170
1,3186SK,Hybrid,163,181,225,237,248,248,201,209,174,174,0,0,178,178,179,185,157,167
1,3189SK,Hybrid,0,0,241,241,248,248,205,205,174,174,283,302,180,187,175,188,170,172
1,3203SK,Hybrid,159,175,221,223,248,248,205,205,174,174,283,285,180,180,177,181,157,172
1,3205SK,Hybrid,0,0,0,0,248,248,201,203,174,174,283,304,180,180,167,171,157,170
1,3206SK,Hybrid,183,187,225,225,248,248,201,203,174,174,283,283,167,180,175,185,174,174
1,3208SK,Hybrid,177,183,225,225,248,248,201,203,174,174,283,302,169,187,181,187,157,170
1,3278SK,Hybrid,181,181,223,237,236,248,205,205,174,174,0,0,186,187,175,187,157,172
1,3296SK,Hybrid,177,181,225,239,248,248,203,205,174,174,283,283,180,180,171,175,157,170
1,32SK,Hybrid,179,185,223,223,248,248,203,213,174,174,283,283,183,183,167,187,170,172
1,3582SK,Hybrid,177,185,225,225,248,248,205,209,174,174,283,283,167,169,167,171,170,172
1,3592SK,Hybrid,155,185,225,225,248,248,203,205,172,174,283,283,180,187,167,177,157,170
1,3594SK,Hybrid,177,189,225,225,248,248,203,205,174,174,283,283,180,180,171,187,157,172
1,3602SK,Hybrid,163,183,225,225,248,248,201,209,174,174,283,283,180,187,185,187,170,170
1,3706SK,Hybrid,183,183,223,225,248,248,205,209,174,174,283,304,167,169,167,188,170,172
1,3712SK,Hybrid,163,181,223,233,248,248,201,205,174,174,283,283,180,180,167,167,157,170
1,3717SK,Hybrid,177,181,221,221,236,248,201,205,174,174,283,283,169,180,187,187,157,170
1,3722SK,Hybrid,163,167,223,225,248,248,201,201,174,174,283,304,169,180,175,187,170,170
1,3728SK,Hybrid,185,185,223,225,248,248,205,205,174,174,283,283,180,187,177,187,170,170
1,3734SK,Hybrid,173,173,225,225,248,248,201,203,174,174,283,283,180,180,167,187,170,174
1,38SK,Hybrid,173,177,225,237,248,248,205,205,174,174,283,302,180,180,167,167,170,170
1,39SK,Hybrid,155,163,225,237,248,248,203,203,174,174,283,283,186,187,167,171,170,174
1,41SK,Hybrid,163,163,223,225,248,248,201,201,174,174,283,283,163,163,0,0,157,174
1,43SK,Hybrid,179,185,225,225,236,248,205,205,174,174,0,0,0,0,187,187,170,170
1,44SK,Hybrid,171,187,225,225,248,248,201,205,174,174,283,302,180,180,167,177,170,172
1,47SK,Hybrid,155,173,223,225,248,248,203,205,174,174,283,300,178,180,167,188,157,178
1,546SK,Hybrid,159,163,225,235,248,248,201,203,174,174,283,304,0,0,171,175,157,172
1,918SK,Hybrid,181,187,225,225,248,248,201,205,174,174,283,283,169,180,167,179,170,172
1,932SK,Hybrid,163,187,0,0,248,248,201,205,174,174,283,283,180,180,175,181,165,170
1,935SK,Hybrid,181,185,223,225,248,248,0,0,174,176,0,0,180,180,171,181,170,172
1,945SK,Hybrid,183,183,225,225,248,248,203,205,174,174,283,283,167,180,177,187,165,170
1,948SK,Hybrid,183,183,225,235,248,248,201,205,174,174,283,283,169,180,171,179,170,172
1,949SK,Hybrid,0,0,225,225,236,248,0,0,174,174,283,283,180,180,181,187,170,170
1,951SK,Hybrid,177,183,235,239,248,248,205,205,174,174,283,302,180,180,177,177,170,170
1,952SK,Hybrid,0,0,223,225,248,248,0,0,174,174,300,302,180,180,179,185,161,174
1,960SK,Hybrid,163,183,225,225,248,248,201,201,174,174,283,283,169,180,175,187,157,172
1,97SK,Hybrid,0,0,0,0,248,248,0,0,174,174,283,283,180,180,167,175,156,156
1,99SK,Hybrid,173,181,225,225,248,248,203,203,174,174,283,283,180,180,185,187,0,0
2,019-58384,C. pauper,177,181,223,225,248,248,203,203,174,174,0,0,167,180,175,187,170,174
2,019-58398,C. pauper,175,177,239,241,248,248,203,203,174,174,0,0,180,187,167,175,170,174
2,025-72582,C. pauper,181,185,225,239,248,248,205,209,174,174,283,283,180,180,185,187,170,170
2,025-72583,C. pauper,181,185,223,225,248,248,205,209,172,174,283,283,180,180,167,167,165,172
2,025-72585,C. pauper,187,187,223,225,248,248,201,203,174,174,283,302,180,180,175,187,165,170
2,025-72586,C. pauper,183,187,223,239,248,248,203,205,174,174,0,0,180,180,185,187,167,170
2,025-72588,C. pauper,159,183,225,225,247,247,201,205,174,180,0,0,180,180,167,186,170,170
2,026-23028,C. pauper,183,183,223,225,248,248,205,205,174,174,283,283,180,180,167,179,170,174
2,042-42353,C. pauper,175,175,225,225,248,248,203,205,174,174,283,283,180,180,167,175,170,170
2,1122SK,C. pauper,155,165,225,225,248,248,201,201,174,174,283,283,169,180,167,167,170,170
2,1126SK,C. pauper,181,187,225,225,248,248,209,209,174,174,283,302,169,187,171,171,170,170
2,1189SK,C. pauper,183,187,225,225,248,248,203,205,174,174,283,283,167,187,167,167,170,170
2,1209SK,C. pauper,183,187,225,237,248,248,201,203,174,174,283,283,167,180,167,175,170,174
2,1229SK,C. pauper,185,185,223,223,236,248,203,203,174,174,283,283,180,187,167,188,170,170
2,1239SK,C. pauper,155,159,225,225,248,248,201,203,174,174,0,0,167,187,167,188,170,170
2,1286SK,C. pauper,181,187,223,223,248,248,203,205,174,174,283,283,180,180,167,187,170,170
2,1305SK,C. pauper,159,185,225,241,236,248,209,209,174,174,283,283,169,180,171,187,170,170
2,1320SK,C. pauper,155,183,223,225,248,248,201,205,174,174,283,302,180,187,167,187,0,0
2,1339SK,C. pauper,0,0,221,223,248,248,0,0,174,174,283,283,180,180,167,179,170,170
2,1358SK,C. pauper,179,181,237,239,248,248,201,205,174,174,0,0,180,180,167,167,170,172
2,1364SK,C. pauper,155,185,225,225,248,248,203,209,174,174,283,302,180,180,167,188,157,170
2,1367SK,C. pauper,177,187,223,225,248,248,0,0,174,174,0,0,180,187,177,187,0,0
2,1521SK,C. pauper,183,185,223,223,248,248,201,201,174,174,283,283,0,0,187,187,172,172
2,1532SK,C. pauper,163,183,225,239,236,248,203,205,174,174,283,302,0,0,187,188,170,170
2,1553SK,C. pauper,159,177,225,225,248,248,201,203,174,174,283,283,180,180,185,185,170,170
2,1565SK,C. pauper,183,185,223,223,248,248,201,205,174,174,283,283,0,0,177,187,170,172
2,1566SK,C. pauper,159,187,223,225,248,248,201,203,174,174,283,283,0,0,185,187,161,170
2,1572SK,C. pauper,185,187,225,225,248,248,203,209,174,174,283,302,0,0,185,188,170,172
2,1573SK,C. pauper,183,185,223,225,248,248,203,205,174,174,283,283,0,0,187,188,157,170
2,1589SK,C. pauper,0,0,225,225,248,248,201,209,174,174,283,283,180,180,187,187,168,168
2,1595SK,C. pauper,163,187,237,239,248,248,0,0,174,174,283,283,180,187,185,188,170,170
2,1599SK,C. pauper,0,0,225,225,248,248,201,209,174,174,283,302,169,169,175,187,157,170
2,1600SK,C. pauper,183,183,225,225,248,248,201,209,174,174,283,283,180,180,175,187,157,170
2,1807SK,C. pauper,159,183,239,241,248,248,203,205,174,176,0,0,180,180,171,187,170,172
2,1849SK,C. pauper,177,177,0,0,248,248,0,0,174,174,283,283,180,180,175,175,170,170
2,1897SK,C. pauper,160,160,223,225,248,248,203,209,174,174,283,283,180,180,187,187,170,170
2,2426SK,C. pauper,181,185,223,223,248,248,203,203,174,174,283,283,0,0,171,188,170,170
2,2432SK,C. pauper,181,183,223,225,248,248,0,0,174,174,283,302,0,0,175,188,0,0
2,2443SK,C. pauper,177,187,223,223,248,248,201,203,174,174,283,302,0,0,187,187,0,0
2,2444SK,C. pauper,181,185,225,225,248,248,203,205,174,174,283,302,180,187,175,187,170,170
2,2447SK,C. pauper,165,185,225,225,248,248,203,203,174,174,283,283,180,180,167,167,170,170
2,2449SK,C. pauper,177,183,223,225,248,248,201,205,174,174,283,283,0,0,187,187,170,170
2,2450SK,C. pauper,177,187,225,225,248,248,203,209,174,174,283,283,0,0,167,167,170,170
2,2451SK,C. pauper,177,187,0,0,248,248,201,201,174,174,283,302,0,0,175,187,170,170
2,2467SK,C. pauper,181,181,225,225,248,248,201,203,174,174,283,283,0,0,166,187,170,170
2,2477SK,C. pauper,159,181,225,225,248,248,203,209,174,174,283,302,0,0,179,187,170,170
2,3021SK,C. pauper,187,187,223,225,248,248,201,203,174,174,283,283,180,180,167,187,167,170
2,3037SK,C. pauper,183,187,223,239,248,248,201,205,174,174,283,283,180,180,187,187,170,170
2,3045SK,C. pauper,177,185,223,223,248,248,201,203,174,174,283,302,180,180,185,187,161,172
2,3056SK,C. pauper,159,187,225,225,248,248,201,201,174,174,283,283,167,180,167,175,170,174
2,3076SK,C. pauper,185,185,0,0,248,248,201,201,174,174,283,283,186,187,175,187,170,170
2,3081SK,C. pauper,163,163,225,225,248,248,203,209,174,174,283,283,180,187,0,0,170,174
2,3083SK,C. pauper,159,159,0,0,248,248,201,203,174,176,283,300,169,180,177,185,170,170
2,3085SK,C. pauper,163,183,225,241,248,248,0,0,174,174,0,0,180,180,175,187,170,174
2,3088SK,C. pauper,183,183,225,225,248,248,201,209,174,174,283,283,186,187,167,187,170,170
2,30SK,C. pauper,183,187,223,225,248,248,203,203,174,174,283,283,180,180,167,181,170,172
2,3117SK,C. pauper,183,187,225,225,248,248,201,209,174,174,283,283,180,180,175,187,0,0
2,3131SK,C. pauper,177,183,223,241,248,248,203,209,174,174,283,302,180,180,171,187,172,172
2,3132SK,C. pauper,187,187,223,225,248,248,201,201,174,174,283,283,180,187,187,187,170,170
2,3136SK,C. pauper,183,183,225,239,248,248,201,203,174,174,283,283,178,187,167,175,170,170
2,3137SK,C. pauper,185,187,225,225,248,248,203,205,174,174,283,302,180,180,187,187,170,170
2,3142SK,C. pauper,163,183,225,237,248,248,203,209,174,174,283,283,180,187,171,187,170,170
2,3144SK,C. pauper,183,183,223,223,236,248,203,209,174,174,283,302,180,180,167,177,157,170
2,3153SK,C. pauper,177,185,223,239,248,248,203,203,174,174,283,283,167,180,167,175,170,170
2,3162SK,C. pauper,159,187,231,237,248,248,203,205,174,174,283,283,180,187,175,187,170,170
2,3187SK,C. pauper,0,0,225,239,248,248,201,205,174,174,283,283,180,187,167,185,170,170
2,3201SK,C. pauper,179,183,225,237,248,248,205,209,174,174,283,283,180,180,185,187,167,170
2,3202SK,C. pauper,177,181,241,241,248,248,201,209,174,174,283,302,180,194,167,188,170,170
2,3209SK,C. pauper,177,187,223,237,248,248,205,209,174,174,283,283,178,178,167,187,170,170
2,3600SK,C. pauper,179,181,225,225,248,248,201,203,174,174,283,283,180,180,175,187,157,170
2,3623SK,C. pauper,183,187,223,223,248,248,201,203,174,174,283,283,180,187,167,171,170,170
2,3629SK,C. pauper,177,187,231,231,248,248,203,203,174,174,283,302,169,187,171,175,170,170
2,3718SK,C. pauper,179,183,225,225,248,248,201,209,174,174,283,283,180,186,171,179,170,172
2,48SK,C. pauper,177,183,235,237,248,248,201,209,174,174,283,283,0,0,175,187,170,170
2,69SK,C. pauper,183,187,223,237,248,248,203,209,174,174,283,302,0,0,167,187,167,172
2,910SK,C. pauper,177,185,241,241,248,248,201,203,174,174,283,283,180,180,167,171,161,170
2,911SK,C. pauper,183,187,223,223,248,248,205,209,174,174,283,283,180,180,185,187,172,176
2,914SK,C. pauper,179,187,225,237,248,248,205,209,174,174,283,283,180,180,167,187,170,170
2,917SK,C. pauper,155,183,225,225,248,248,201,205,174,174,283,306,169,169,175,177,161,170
2,919SK,C. pauper,183,187,223,223,248,248,205,209,174,174,283,302,180,187,167,187,170,170
2,92SK,C. pauper,165,185,237,241,248,248,201,209,174,174,283,304,0,0,167,177,170,170
2,934SK,C. pauper,159,181,225,225,248,248,205,209,174,174,283,283,169,169,167,167,170,172
2,940SK,C. pauper,155,159,223,225,248,248,201,203,174,176,283,283,180,180,167,167,161,170
2,943SK,C. pauper,177,185,0,0,248,248,201,205,174,174,283,283,167,180,167,171,170,170
2,944SK,C. pauper,159,163,225,225,248,248,203,209,174,174,283,283,180,180,171,187,161,170
2,946SK,C. pauper,177,177,223,223,248,248,205,209,174,174,283,283,180,180,167,187,165,170
2,94SK,C. pauper,183,185,223,223,248,248,203,205,174,174,283,283,0,0,167,185,170,170
2,964SK,C. pauper,183,183,223,241,248,248,201,209,174,174,283,283,180,187,167,167,157,170
2,EN107,C. pauper,179,183,223,223,248,248,203,205,174,174,283,283,180,180,167,188,170,170
2,861,C. pauper,187,187,225,225,248,248,201,205,174,174,283,283,180,187,187,188,170,170
2,862,C. pauper,189,190,225,241,248,248,201,203,174,174,283,302,167,180,171,181,157,172
2,863,C. pauper,187,189,223,241,248,248,201,203,174,174,283,302,180,187,175,177,170,170
2,864,C. pauper,189,190,241,241,248,248,201,205,174,174,283,283,180,180,179,181,170,170
2,865,C. pauper,187,190,239,243,248,248,201,201,174,174,283,283,180,187,171,175,161,172
2,866,C. pauper,185,187,225,241,248,248,201,203,174,174,283,283,180,180,171,185,168,170
2,867,C. pauper,185,187,0,0,248,248,201,207,174,174,283,283,180,187,171,171,170,174
2,868,C. pauper,187,189,225,225,248,248,203,205,174,174,302,302,180,187,187,187,170,172
2,869,C. pauper,190,190,223,225,248,248,201,203,174,174,283,302,180,180,175,187,170,170
2,870,C. pauper,185,187,241,243,248,248,201,207,174,174,283,283,180,180,185,187,168,170
2,871,C. pauper,179,187,225,237,236,248,201,203,174,174,283,283,180,180,171,179,172,174
2,872,C. pauper,167,177,223,237,248,248,203,205,174,174,283,283,180,180,171,188,159,167
2,873,C. pauper,189,190,223,239,248,248,201,203,174,174,283,302,180,180,171,175,172,172
2,874,C. pauper,163,171,0,0,248,248,203,203,174,174,283,283,180,180,171,179,172,172
2,875,C. pauper,187,189,0,0,248,248,201,203,174,174,283,302,180,187,188,188,172,172
2,876,C. pauper,181,185,225,225,248,248,205,205,174,174,283,316,180,187,171,181,172,172
2,877,C. pauper,163,181,225,239,248,248,203,205,174,174,283,302,180,180,179,188,172,174
2,878,C. pauper,171,185,223,237,248,248,201,203,174,174,283,302,180,180,179,183,172,178
2,879,C. pauper,185,189,0,0,248,248,203,205,174,174,283,283,187,187,179,190,172,174